evento,ativo,peso,impacto
2023-02-01,ITUB4.SA,0.4043,-0.4043
2023-02-01,BBDC4.SA,0.4332,-0.4332
2023-02-01,BBAS3.SA,3.0713,-3.0713
2023-02-01,BPAC11.SA,5.0277,-5.0277
2023-02-01,SANB11.SA,4.9135,-4.9135
2023-02-01,MGLU3.SA,2.0316,-2.0316
2023-02-01,LREN3.SA,0.6935,0.6935
2023-02-01,RADL3.SA,2.7386,-2.7386
2023-02-01,CEAB3.SA,2.6846,2.6846
2023-02-01,SMFT3.SA,4.4738,4.4738
2023-02-01,IGTI11.SA,2.449,-2.449
2023-02-01,AMER3.SA,4.0,-4.0
2023-02-01,PETR4.SA,5.9455,-5.9455
2023-02-01,VALE3.SA,5.6819,-5.6819
2023-02-01,SBSP3.SA,0.0898,0.0898
2023-02-01,MRVE3.SA,0.7123,-0.7123
2023-02-01,CYRE3.SA,0.6588,-0.6588
2023-02-01,EZTC3.SA,4.4369,-4.4369
2023-02-01,VIVT3.SA,5.4998,-5.4998
2023-02-01,TIMS3.SA,3.2231,-3.2231
2023-02-01,CVCB3.SA,2.6667,2.6667
2023-02-01,BBSE3.SA,3.388,-3.388
2023-02-01,B3SA3.SA,0.3086,0.3086
2023-12-13,ITUB4.SA,3.8875,3.8875
2023-12-13,BBDC4.SA,6.1538,6.1538
2023-12-13,BBAS3.SA,1.5809,1.5809
2023-12-13,BPAC11.SA,7.2177,7.2177
2023-12-13,SANB11.SA,3.3474,3.3474
2023-12-13,MGLU3.SA,6.579,6.579
2023-12-13,LREN3.SA,7.7826,7.7826
2023-12-13,RADL3.SA,3.6555,3.6555
2023-12-13,CEAB3.SA,1.4002,1.4002
2023-12-13,SMFT3.SA,1.9663,1.9663
2023-12-13,IGTI11.SA,4.827,4.827
2023-12-13,AMER3.SA,1.0989,-1.0989
2023-12-13,PETR4.SA,3.6385,3.6385
2023-12-13,VALE3.SA,0.5617,0.5617
2023-12-13,SBSP3.SA,2.99,2.99
2023-12-13,MRVE3.SA,12.8125,12.8125
2023-12-13,CYRE3.SA,8.3816,8.3816
2023-12-13,EZTC3.SA,1.6216,1.6216
2023-12-13,VIVT3.SA,1.8553,1.8553
2023-12-13,TIMS3.SA,3.5314,3.5314
2023-12-13,CVCB3.SA,2.965,2.965
2023-12-13,BBSE3.SA,1.3778,1.3778
2023-12-13,B3SA3.SA,7.0758,7.0758
2021-06-16,ITUB4.SA,0.7966,0.7966
2021-06-16,BBDC4.SA,0.0716,0.0716
2021-06-16,BBAS3.SA,1.6901,-1.6901
2021-06-16,BPAC11.SA,0.2295,0.2295
2021-06-16,SANB11.SA,0.0223,-0.0223
2021-06-16,MGLU3.SA,2.0105,2.0105
2021-06-16,LREN3.SA,2.6288,-2.6288
2021-06-16,RADL3.SA,2.6103,-2.6103
2021-06-16,CEAB3.SA,0.0681,-0.0681
2021-06-16,AMER3.SA,2.2416,-2.2416
2021-06-16,PETR4.SA,3.1002,-3.1002
2021-06-16,VALE3.SA,5.0224,-5.0224
2021-06-16,SBSP3.SA,1.7135,-1.7135
2021-06-16,MRVE3.SA,2.5086,-2.5086
2021-06-16,CYRE3.SA,2.1078,-2.1078
2021-06-16,EZTC3.SA,0.6815,0.6815
2021-06-16,VIVT3.SA,1.3018,-1.3018
2021-06-16,TIMS3.SA,0.3867,0.3867
2021-06-16,CVCB3.SA,3.9024,3.9024
2021-06-16,BBSE3.SA,0.1993,0.1993
2021-06-16,B3SA3.SA,2.9994,2.9994
2020-03-18,ITUB4.SA,9.3254,-9.3254
2020-03-18,BBDC4.SA,11.4005,-11.4005
2020-03-18,BBAS3.SA,19.7678,-19.7678
2020-03-18,BPAC11.SA,5.5714,-5.5714
2020-03-18,SANB11.SA,8.116,-8.116
2020-03-18,MGLU3.SA,14.113,-14.113
2020-03-18,LREN3.SA,4.5148,-4.5148
2020-03-18,RADL3.SA,3.7866,3.7866
2020-03-18,CEAB3.SA,20.5298,-20.5298
2020-03-18,AMER3.SA,9.3669,-9.3669
2020-03-18,PETR4.SA,6.0769,-6.0769
2020-03-18,VALE3.SA,12.3103,-12.3103
2020-03-18,SBSP3.SA,19.7869,-19.7869
2020-03-18,MRVE3.SA,16.7185,-16.7185
2020-03-18,CYRE3.SA,12.7596,-12.7596
2020-03-18,EZTC3.SA,6.188,-6.188
2020-03-18,VIVT3.SA,5.7005,5.7005
2020-03-18,TIMS3.SA,5.3748,5.3748
2020-03-18,CVCB3.SA,25.1256,-25.1256
2020-03-18,BBSE3.SA,8.2489,-8.2489
2020-03-18,B3SA3.SA,8.5256,-8.5256
2020-06-17,ITUB4.SA,5.2329,5.2329
2020-06-17,BBDC4.SA,1.2256,1.2256
2020-06-17,BBAS3.SA,2.6866,2.6866
2020-06-17,BPAC11.SA,10.0954,10.0954
2020-06-17,SANB11.SA,1.1195,1.1195
2020-06-17,MGLU3.SA,5.6061,5.6061
2020-06-17,LREN3.SA,3.0651,3.0651
2020-06-17,RADL3.SA,0.0917,0.0917
2020-06-17,CEAB3.SA,2.5663,-2.5663
2020-06-17,AMER3.SA,4.7962,4.7962
2020-06-17,PETR4.SA,1.0763,1.0763
2020-06-17,VALE3.SA,1.4082,1.4082
2020-06-17,SBSP3.SA,6.1135,6.1135
2020-06-17,MRVE3.SA,0.4154,-0.4154
2020-06-17,CYRE3.SA,6.7335,6.7335
2020-06-17,EZTC3.SA,1.51,1.51
2020-06-17,VIVT3.SA,2.497,2.497
2020-06-17,TIMS3.SA,0.9492,-0.9492
2020-06-17,CVCB3.SA,2.8832,-2.8832
2020-06-17,BBSE3.SA,6.3862,6.3862
2020-06-17,B3SA3.SA,1.7374,1.7374
2023-08-02,ITUB4.SA,1.0798,-1.0798
2023-08-02,BBDC4.SA,0.3074,-0.3074
2023-08-02,BBAS3.SA,0.6123,0.6123
2023-08-02,BPAC11.SA,1.213,-1.213
2023-08-02,SANB11.SA,0.6636,-0.6636
2023-08-02,MGLU3.SA,7.8717,-7.8717
2023-08-02,LREN3.SA,0.5362,-0.5362
2023-08-02,RADL3.SA,1.8698,-1.8698
2023-08-02,CEAB3.SA,1.3536,-1.3536
2023-08-02,SMFT3.SA,2.6407,2.6407
2023-08-02,IGTI11.SA,0.7137,0.7137
2023-08-02,AMER3.SA,1.7699,-1.7699
2023-08-02,PETR4.SA,1.0458,1.0458
2023-08-02,VALE3.SA,1.0117,-1.0117
2023-08-02,SBSP3.SA,3.7702,-3.7702
2023-08-02,MRVE3.SA,0.072,-0.072
2023-08-02,CYRE3.SA,5.3146,5.3146
2023-08-02,EZTC3.SA,3.2214,3.2214
2023-08-02,VIVT3.SA,0.0707,0.0707
2023-08-02,TIMS3.SA,0.4878,-0.4878
2023-08-02,CVCB3.SA,0.6645,0.6645
2023-08-02,BBSE3.SA,0.1919,0.1919
2023-08-02,B3SA3.SA,0.882,0.882
2022-10-26,ITUB4.SA,0.3401,-0.3401
2022-10-26,BBDC4.SA,2.5849,-2.5849
2022-10-26,BBAS3.SA,2.3285,-2.3285
2022-10-26,BPAC11.SA,1.0515,-1.0515
2022-10-26,SANB11.SA,3.5608,-3.5608
2022-10-26,MGLU3.SA,1.6317,-1.6317
2022-10-26,LREN3.SA,0.9272,0.9272
2022-10-26,RADL3.SA,1.2099,1.2099
2022-10-26,CEAB3.SA,6.689,-6.689
2022-10-26,SMFT3.SA,3.3629,3.3629
2022-10-26,IGTI11.SA,0.7164,-0.7164
2022-10-26,AMER3.SA,1.4315,-1.4315
2022-10-26,PETR4.SA,1.7,-1.7
2022-10-26,VALE3.SA,1.4181,-1.4181
2022-10-26,SBSP3.SA,0.3452,0.3452
2022-10-26,MRVE3.SA,5.4526,5.4526
2022-10-26,CYRE3.SA,0.2268,0.2268
2022-10-26,EZTC3.SA,0.4458,0.4458
2022-10-26,VIVT3.SA,3.3333,3.3333
2022-10-26,TIMS3.SA,2.88,2.88
2022-10-26,CVCB3.SA,4.6338,-4.6338
2022-10-26,BBSE3.SA,3.3286,3.3286
2022-10-26,B3SA3.SA,0.2166,0.2166
2025-07-30,ITUB4.SA,1.4133,1.4133
2025-07-30,BBDC4.SA,0.7787,0.7787
2025-07-30,BBAS3.SA,1.2531,-1.2531
2025-07-30,BPAC11.SA,1.0589,1.0589
2025-07-30,SANB11.SA,0.2275,0.2275
2025-07-30,MGLU3.SA,1.1461,1.1461
2025-07-30,LREN3.SA,0.4893,-0.4893
2025-07-30,RADL3.SA,2.7437,-2.7437
2025-07-30,CEAB3.SA,2.2981,2.2981
2025-07-30,SMFT3.SA,0.3367,-0.3367
2025-07-30,IGTI11.SA,0.0,0.0
2025-07-30,AMER3.SA,2.2642,-2.2642
2025-07-30,PETR4.SA,0.6165,0.6165
2025-07-30,VALE3.SA,2.4809,-2.4809
2025-07-30,SBSP3.SA,1.3095,1.3095
2025-07-30,MRVE3.SA,1.1628,-1.1628
2025-07-30,CYRE3.SA,0.487,-0.487
2025-07-30,EZTC3.SA,3.3886,3.3886
2025-07-30,VIVT3.SA,3.0442,3.0442
2025-07-30,TIMS3.SA,4.596,4.596
2025-07-30,CVCB3.SA,1.7241,1.7241
2025-07-30,BBSE3.SA,0.0297,-0.0297
2025-07-30,B3SA3.SA,1.0228,-1.0228
2020-08-05,ITUB4.SA,1.3235,1.3235
2020-08-05,BBDC4.SA,1.1509,1.1509
2020-08-05,BBAS3.SA,3.1531,3.1531
2020-08-05,BPAC11.SA,2.7981,2.7981
2020-08-05,SANB11.SA,3.4363,3.4363
2020-08-05,MGLU3.SA,4.1333,4.1333
2020-08-05,LREN3.SA,8.536,8.536
2020-08-05,RADL3.SA,0.1942,0.1942
2020-08-05,CEAB3.SA,8.8083,8.8083
2020-08-05,AMER3.SA,0.0163,0.0163
2020-08-05,PETR4.SA,6.6116,6.6116
2020-08-05,VALE3.SA,1.8616,1.8616
2020-08-05,SBSP3.SA,1.274,1.274
2020-08-05,MRVE3.SA,2.2067,2.2067
2020-08-05,CYRE3.SA,1.1974,1.1974
2020-08-05,EZTC3.SA,4.6213,4.6213
2020-08-05,VIVT3.SA,1.3629,1.3629
2020-08-05,TIMS3.SA,0.8626,0.8626
2020-08-05,CVCB3.SA,3.5412,3.5412
2020-08-05,BBSE3.SA,2.3844,2.3844
2020-08-05,B3SA3.SA,1.3128,1.3128
2025-06-18,ITUB4.SA,1.1066,-1.1066
2025-06-18,BBDC4.SA,1.5986,-1.5986
2025-06-18,BBAS3.SA,2.5114,-2.5114
2025-06-18,BPAC11.SA,0.2637,0.2637
2025-06-18,SANB11.SA,2.2554,-2.2554
2025-06-18,MGLU3.SA,5.1447,-5.1447
2025-06-18,LREN3.SA,0.4826,-0.4826
2025-06-18,RADL3.SA,0.7796,-0.7796
2025-06-18,CEAB3.SA,2.3699,-2.3699
2025-06-18,SMFT3.SA,1.0757,-1.0757
2025-06-18,IGTI11.SA,1.3951,-1.3951
2025-06-18,AMER3.SA,2.2807,2.2807
2025-06-18,PETR4.SA,0.3643,-0.3643
2025-06-18,VALE3.SA,2.8983,-2.8983
2025-06-18,SBSP3.SA,0.9761,-0.9761
2025-06-18,MRVE3.SA,1.8425,-1.8425
2025-06-18,CYRE3.SA,0.3943,-0.3943
2025-06-18,EZTC3.SA,1.4361,-1.4361
2025-06-18,VIVT3.SA,0.6315,0.6315
2025-06-18,TIMS3.SA,1.8457,1.8457
2025-06-18,CVCB3.SA,1.7167,-1.7167
2025-06-18,BBSE3.SA,0.9291,-0.9291
2025-06-18,B3SA3.SA,0.6652,0.6652
2023-09-20,ITUB4.SA,0.6259,-0.6259
2023-09-20,BBDC4.SA,3.3221,-3.3221
2023-09-20,BBAS3.SA,1.4171,-1.4171
2023-09-20,BPAC11.SA,1.8153,-1.8153
2023-09-20,SANB11.SA,0.6852,-0.6852
2023-09-20,MGLU3.SA,6.746,-6.746
2023-09-20,LREN3.SA,4.452,-4.452
2023-09-20,RADL3.SA,0.5185,-0.5185
2023-09-20,CEAB3.SA,1.3672,1.3672
2023-09-20,SMFT3.SA,2.3697,-2.3697
2023-09-20,IGTI11.SA,2.5444,-2.5444
2023-09-20,AMER3.SA,3.7037,-3.7037
2023-09-20,PETR4.SA,1.3154,-1.3154
2023-09-20,VALE3.SA,1.9608,-1.9608
2023-09-20,SBSP3.SA,1.4638,1.4638
2023-09-20,MRVE3.SA,2.87,-2.87
2023-09-20,CYRE3.SA,0.7418,-0.7418
2023-09-20,EZTC3.SA,2.6415,-2.6415
2023-09-20,VIVT3.SA,0.3374,-0.3374
2023-09-20,TIMS3.SA,1.0451,-1.0451
2023-09-20,CVCB3.SA,1.7937,1.7937
2023-09-20,BBSE3.SA,0.2525,0.2525
2023-09-20,B3SA3.SA,2.5542,-2.5542
2021-09-22,ITUB4.SA,5.8628,5.8628
2021-09-22,BBDC4.SA,5.9846,5.9846
2021-09-22,BBAS3.SA,2.5775,2.5775
2021-09-22,BPAC11.SA,2.9725,2.9725
2021-09-22,SANB11.SA,4.6283,4.6283
2021-09-22,MGLU3.SA,3.1727,-3.1727
2021-09-22,LREN3.SA,2.1355,2.1355
2021-09-22,RADL3.SA,0.7797,-0.7797
2021-09-22,CEAB3.SA,0.9697,0.9697
2021-09-22,SMFT3.SA,2.3166,2.3166
2021-09-22,AMER3.SA,3.5588,-3.5588
2021-09-22,PETR4.SA,6.4657,6.4657
2021-09-22,VALE3.SA,3.5508,3.5508
2021-09-22,SBSP3.SA,3.2696,3.2696
2021-09-22,MRVE3.SA,2.0275,-2.0275
2021-09-22,CYRE3.SA,2.6065,-2.6065
2021-09-22,EZTC3.SA,2.8638,-2.8638
2021-09-22,VIVT3.SA,3.8361,3.8361
2021-09-22,TIMS3.SA,2.4855,2.4855
2021-09-22,CVCB3.SA,7.1559,7.1559
2021-09-22,BBSE3.SA,1.5088,1.5088
2021-09-22,B3SA3.SA,2.6568,2.6568
2025-05-07,ITUB4.SA,1.9042,1.9042
2025-05-07,BBDC4.SA,13.8973,13.8973
2025-05-07,BBAS3.SA,1.7647,1.7647
2025-05-07,BPAC11.SA,7.3073,7.3073
2025-05-07,SANB11.SA,4.4991,4.4991
2025-05-07,MGLU3.SA,3.2037,3.2037
2025-05-07,LREN3.SA,7.8966,7.8966
2025-05-07,RADL3.SA,16.1439,-16.1439
2025-05-07,CEAB3.SA,13.7072,13.7072
2025-05-07,SMFT3.SA,0.4261,-0.4261
2025-05-07,IGTI11.SA,3.9609,3.9609
2025-05-07,AMER3.SA,3.5782,3.5782
2025-05-07,PETR4.SA,1.8574,1.8574
2025-05-07,VALE3.SA,0.4906,-0.4906
2025-05-07,SBSP3.SA,1.2988,1.2988
2025-05-07,MRVE3.SA,5.852,5.852
2025-05-07,CYRE3.SA,4.4177,4.4177
2025-05-07,EZTC3.SA,4.9618,4.9618
2025-05-07,VIVT3.SA,1.0284,-1.0284
2025-05-07,TIMS3.SA,1.5098,-1.5098
2025-05-07,CVCB3.SA,7.2816,7.2816
2025-05-07,BBSE3.SA,1.6229,-1.6229
2025-05-07,B3SA3.SA,8.2827,8.2827
2020-02-05,ITUB4.SA,0.3619,0.3619
2020-02-05,BBDC4.SA,0.7553,0.7553
2020-02-05,BBAS3.SA,2.6943,2.6943
2020-02-05,BPAC11.SA,4.0272,4.0272
2020-02-05,SANB11.SA,0.7134,-0.7134
2020-02-05,MGLU3.SA,3.1738,-3.1738
2020-02-05,LREN3.SA,2.9526,-2.9526
2020-02-05,RADL3.SA,1.5188,-1.5188
2020-02-05,CEAB3.SA,2.6413,-2.6413
2020-02-05,AMER3.SA,2.6549,-2.6549
2020-02-05,PETR4.SA,1.9211,1.9211
2020-02-05,VALE3.SA,1.9323,1.9323
2020-02-05,SBSP3.SA,1.3664,1.3664
2020-02-05,MRVE3.SA,0.2364,-0.2364
2020-02-05,CYRE3.SA,0.4566,0.4566
2020-02-05,EZTC3.SA,4.6832,-4.6832
2020-02-05,VIVT3.SA,0.3412,-0.3412
2020-02-05,TIMS3.SA,1.6558,-1.6558
2020-02-05,CVCB3.SA,1.828,-1.828
2020-02-05,BBSE3.SA,1.016,1.016
2020-02-05,B3SA3.SA,2.542,-2.542
2024-11-06,ITUB4.SA,1.9263,-1.9263
2024-11-06,BBDC4.SA,1.9383,-1.9383
2024-11-06,BBAS3.SA,0.2286,-0.2286
2024-11-06,BPAC11.SA,0.3015,-0.3015
2024-11-06,SANB11.SA,0.521,0.521
2024-11-06,MGLU3.SA,6.012,-6.012
2024-11-06,LREN3.SA,3.3155,-3.3155
2024-11-06,RADL3.SA,1.2717,-1.2717
2024-11-06,CEAB3.SA,6.6667,-6.6667
2024-11-06,SMFT3.SA,3.2558,-3.2558
2024-11-06,IGTI11.SA,2.5653,-2.5653
2024-11-06,AMER3.SA,4.7059,-4.7059
2024-11-06,PETR4.SA,0.3391,0.3391
2024-11-06,VALE3.SA,2.3181,2.3181
2024-11-06,SBSP3.SA,1.303,-1.303
2024-11-06,MRVE3.SA,2.4828,-2.4828
2024-11-06,CYRE3.SA,1.9396,-1.9396
2024-11-06,EZTC3.SA,2.101,-2.101
2024-11-06,VIVT3.SA,0.6036,0.6036
2024-11-06,TIMS3.SA,0.31,-0.31
2024-11-06,CVCB3.SA,3.271,-3.271
2024-11-06,BBSE3.SA,0.8829,-0.8829
2024-11-06,B3SA3.SA,2.3701,-2.3701
2025-12-10,ITUB4.SA,0.7104,0.7104
2025-12-10,BBDC4.SA,2.9428,2.9428
2025-12-10,BBAS3.SA,0.3723,0.3723
2025-12-10,BPAC11.SA,4.9425,4.9425
2025-12-10,SANB11.SA,0.5288,-0.5288
2025-12-10,MGLU3.SA,4.3912,-4.3912
2025-12-10,LREN3.SA,0.7153,0.7153
2025-12-10,RADL3.SA,4.4012,4.4012
2025-12-10,CEAB3.SA,4.0512,-4.0512
2025-12-10,SMFT3.SA,0.6675,0.6675
2025-12-10,IGTI11.SA,1.7268,1.7268
2025-12-10,AMER3.SA,2.5276,-2.5276
2025-12-10,PETR4.SA,1.4124,-1.4124
2025-12-10,VALE3.SA,3.1814,3.1814
2025-12-10,SBSP3.SA,1.3422,-1.3422
2025-12-10,MRVE3.SA,0.9639,-0.9639
2025-12-10,CYRE3.SA,1.734,1.734
2025-12-10,EZTC3.SA,1.9234,-1.9234
2025-12-10,VIVT3.SA,0.2996,-0.2996
2025-12-10,TIMS3.SA,0.0427,-0.0427
2025-12-10,CVCB3.SA,1.5385,1.5385
2025-12-10,BBSE3.SA,0.227,-0.227
2025-12-10,B3SA3.SA,1.2748,1.2748
2021-05-05,ITUB4.SA,2.2089,2.2089
2021-05-05,BBDC4.SA,0.6723,0.6723
2021-05-05,BBAS3.SA,0.5448,-0.5448
2021-05-05,BPAC11.SA,3.9331,3.9331
2021-05-05,SANB11.SA,1.8058,1.8058
2021-05-05,MGLU3.SA,1.4684,-1.4684
2021-05-05,LREN3.SA,1.7766,1.7766
2021-05-05,RADL3.SA,0.0379,0.0379
2021-05-05,CEAB3.SA,0.5738,0.5738
2021-05-05,AMER3.SA,4.328,-4.328
2021-05-05,PETR4.SA,2.6649,2.6649
2021-05-05,VALE3.SA,4.4959,4.4959
2021-05-05,SBSP3.SA,5.7821,5.7821
2021-05-05,MRVE3.SA,1.5312,1.5312
2021-05-05,CYRE3.SA,1.3305,1.3305
2021-05-05,EZTC3.SA,0.2177,0.2177
2021-05-05,VIVT3.SA,1.3097,1.3097
2021-05-05,TIMS3.SA,0.7432,0.7432
2021-05-05,CVCB3.SA,1.3455,1.3455
2021-05-05,BBSE3.SA,3.2302,3.2302
2021-05-05,B3SA3.SA,0.2566,0.2566
2022-03-16,ITUB4.SA,4.1833,4.1833
2022-03-16,BBDC4.SA,1.827,1.827
2022-03-16,BBAS3.SA,2.27,2.27
2022-03-16,BPAC11.SA,6.0312,6.0312
2022-03-16,SANB11.SA,4.3857,4.3857
2022-03-16,MGLU3.SA,13.7577,13.7577
2022-03-16,LREN3.SA,2.3235,2.3235
2022-03-16,RADL3.SA,0.4468,0.4468
2022-03-16,CEAB3.SA,6.6524,6.6524
2022-03-16,SMFT3.SA,7.2222,7.2222
2022-03-16,IGTI11.SA,4.2686,4.2686
2022-03-16,AMER3.SA,5.9355,5.9355
2022-03-16,PETR4.SA,3.5048,-3.5048
2022-03-16,VALE3.SA,5.9908,5.9908
2022-03-16,SBSP3.SA,3.7444,3.7444
2022-03-16,MRVE3.SA,2.2244,-2.2244
2022-03-16,CYRE3.SA,1.2397,1.2397
2022-03-16,EZTC3.SA,2.7161,2.7161
2022-03-16,VIVT3.SA,2.7128,2.7128
2022-03-16,TIMS3.SA,5.3459,5.3459
2022-03-16,CVCB3.SA,21.4073,21.4073
2022-03-16,BBSE3.SA,3.74,3.74
2022-03-16,B3SA3.SA,4.5113,4.5113
2022-05-04,ITUB4.SA,2.4298,-2.4298
2022-05-04,BBDC4.SA,1.8816,-1.8816
2022-05-04,BBAS3.SA,0.2377,0.2377
2022-05-04,BPAC11.SA,2.2968,-2.2968
2022-05-04,SANB11.SA,0.5661,0.5661
2022-05-04,MGLU3.SA,3.913,-3.913
2022-05-04,LREN3.SA,2.7636,-2.7636
2022-05-04,RADL3.SA,3.827,-3.827
2022-05-04,CEAB3.SA,4.0,-4.0
2022-05-04,SMFT3.SA,1.1911,-1.1911
2022-05-04,IGTI11.SA,4.9951,-4.9951
2022-05-04,AMER3.SA,0.1715,-0.1715
2022-05-04,PETR4.SA,5.8182,5.8182
2022-05-04,VALE3.SA,2.6303,-2.6303
2022-05-04,SBSP3.SA,1.7905,-1.7905
2022-05-04,MRVE3.SA,4.4273,-4.4273
2022-05-04,CYRE3.SA,0.5571,-0.5571
2022-05-04,EZTC3.SA,0.6866,-0.6866
2022-05-04,VIVT3.SA,1.8543,-1.8543
2022-05-04,TIMS3.SA,1.9853,-1.9853
2022-05-04,CVCB3.SA,1.8444,-1.8444
2022-05-04,BBSE3.SA,0.3583,-0.3583
2022-05-04,B3SA3.SA,3.4263,-3.4263
2025-01-29,ITUB4.SA,2.1922,2.1922
2025-01-29,BBDC4.SA,4.3852,4.3852
2025-01-29,BBAS3.SA,0.3996,0.3996
2025-01-29,BPAC11.SA,2.0376,2.0376
2025-01-29,SANB11.SA,3.0437,3.0437
2025-01-29,MGLU3.SA,7.5444,7.5444
2025-01-29,LREN3.SA,3.4996,3.4996
2025-01-29,RADL3.SA,5.0,5.0
2025-01-29,CEAB3.SA,3.6842,3.6842
2025-01-29,SMFT3.SA,2.4021,2.4021
2025-01-29,IGTI11.SA,3.6476,3.6476
2025-01-29,AMER3.SA,0.0,0.0
2025-01-29,PETR4.SA,0.7002,0.7002
2025-01-29,VALE3.SA,4.5204,4.5204
2025-01-29,SBSP3.SA,1.1209,1.1209
2025-01-29,MRVE3.SA,5.535,5.535
2025-01-29,CYRE3.SA,5.2686,5.2686
2025-01-29,EZTC3.SA,5.9167,5.9167
2025-01-29,VIVT3.SA,0.3113,0.3113
2025-01-29,TIMS3.SA,1.1643,1.1643
2025-01-29,CVCB3.SA,10.1695,10.1695
2025-01-29,BBSE3.SA,1.1273,-1.1273
2025-01-29,B3SA3.SA,5.1185,5.1185
2021-12-08,ITUB4.SA,3.6149,-3.6149
2021-12-08,BBDC4.SA,3.1504,-3.1504
2021-12-08,BBAS3.SA,1.7792,-1.7792
2021-12-08,BPAC11.SA,0.7069,0.7069
2021-12-08,SANB11.SA,3.3816,-3.3816
2021-12-08,MGLU3.SA,17.5853,-17.5853
2021-12-08,LREN3.SA,4.1073,-4.1073
2021-12-08,RADL3.SA,1.158,1.158
2021-12-08,CEAB3.SA,0.8955,-0.8955
2021-12-08,SMFT3.SA,4.6512,4.6512
2021-12-08,IGTI11.SA,2.613,-2.613
2021-12-08,AMER3.SA,6.1409,-6.1409
2021-12-08,PETR4.SA,0.2384,-0.2384
2021-12-08,VALE3.SA,1.5066,-1.5066
2021-12-08,SBSP3.SA,0.7897,0.7897
2021-12-08,MRVE3.SA,0.9507,0.9507
2021-12-08,CYRE3.SA,2.1067,2.1067
2021-12-08,EZTC3.SA,1.1759,1.1759
2021-12-08,VIVT3.SA,3.683,-3.683
2021-12-08,TIMS3.SA,2.6081,-2.6081
2021-12-08,CVCB3.SA,9.1219,9.1219
2021-12-08,BBSE3.SA,0.5184,-0.5184
2021-12-08,B3SA3.SA,2.8216,-2.8216
2021-10-27,ITUB4.SA,0.5476,0.5476
2021-10-27,BBDC4.SA,0.9857,0.9857
2021-10-27,BBAS3.SA,0.9932,-0.9932
2021-10-27,BPAC11.SA,1.1121,1.1121
2021-10-27,SANB11.SA,0.0285,-0.0285
2021-10-27,MGLU3.SA,6.9282,-6.9282
2021-10-27,LREN3.SA,2.731,2.731
2021-10-27,RADL3.SA,2.9465,2.9465
2021-10-27,CEAB3.SA,1.3093,1.3093
2021-10-27,SMFT3.SA,3.6867,-3.6867
2021-10-27,AMER3.SA,7.1605,-7.1605
2021-10-27,PETR4.SA,0.6954,0.6954
2021-10-27,VALE3.SA,3.2555,-3.2555
2021-10-27,SBSP3.SA,1.5748,1.5748
2021-10-27,MRVE3.SA,0.9606,-0.9606
2021-10-27,CYRE3.SA,1.4374,-1.4374
2021-10-27,EZTC3.SA,1.7713,1.7713
2021-10-27,VIVT3.SA,0.4688,0.4688
2021-10-27,TIMS3.SA,3.1088,-3.1088
2021-10-27,CVCB3.SA,2.2472,-2.2472
2021-10-27,BBSE3.SA,0.0,0.0
2021-10-27,B3SA3.SA,0.9053,-0.9053
2021-01-20,ITUB4.SA,2.9842,-2.9842
2021-01-20,BBDC4.SA,3.4848,-3.4848
2021-01-20,BBAS3.SA,3.2276,-3.2276
2021-01-20,BPAC11.SA,0.2112,-0.2112
2021-01-20,SANB11.SA,3.7767,-3.7767
2021-01-20,MGLU3.SA,5.8555,5.8555
2021-01-20,LREN3.SA,3.508,-3.508
2021-01-20,RADL3.SA,4.9627,-4.9627
2021-01-20,CEAB3.SA,0.3231,0.3231
2021-01-20,AMER3.SA,11.3743,11.3743
2021-01-20,PETR4.SA,3.9735,-3.9735
2021-01-20,VALE3.SA,0.7442,-0.7442
2021-01-20,SBSP3.SA,3.1746,-3.1746
2021-01-20,MRVE3.SA,3.2421,-3.2421
2021-01-20,CYRE3.SA,4.8125,-4.8125
2021-01-20,EZTC3.SA,7.0707,-7.0707
2021-01-20,VIVT3.SA,0.0685,0.0685
2021-01-20,TIMS3.SA,3.0612,-3.0612
2021-01-20,CVCB3.SA,3.07,-3.07
2021-01-20,BBSE3.SA,0.1388,-0.1388
2021-01-20,B3SA3.SA,4.1096,-4.1096
2020-05-06,ITUB4.SA,5.5507,-5.5507
2020-05-06,BBDC4.SA,6.2841,-6.2841
2020-05-06,BBAS3.SA,5.5396,-5.5396
2020-05-06,BPAC11.SA,9.6392,-9.6392
2020-05-06,SANB11.SA,4.8926,-4.8926
2020-05-06,MGLU3.SA,13.1275,13.1275
2020-05-06,LREN3.SA,8.3631,-8.3631
2020-05-06,RADL3.SA,0.4034,-0.4034
2020-05-06,CEAB3.SA,6.1556,-6.1556
2020-05-06,AMER3.SA,20.4916,20.4916
2020-05-06,PETR4.SA,2.7871,-2.7871
2020-05-06,VALE3.SA,5.3776,5.3776
2020-05-06,SBSP3.SA,5.3957,-5.3957
2020-05-06,MRVE3.SA,4.9113,-4.9113
2020-05-06,CYRE3.SA,10.1683,-10.1683
2020-05-06,EZTC3.SA,11.6897,-11.6897
2020-05-06,VIVT3.SA,12.7108,-12.7108
2020-05-06,TIMS3.SA,6.4748,-6.4748
2020-05-06,CVCB3.SA,12.0258,-12.0258
2020-05-06,BBSE3.SA,5.6627,-5.6627
2020-05-06,B3SA3.SA,4.8787,-4.8787
2023-03-22,ITUB4.SA,3.0569,-3.0569
2023-03-22,BBDC4.SA,4.3379,-4.3379
2023-03-22,BBAS3.SA,0.8527,-0.8527
2023-03-22,BPAC11.SA,5.3802,-5.3802
2023-03-22,SANB11.SA,1.6949,-1.6949
2023-03-22,MGLU3.SA,15.9459,-15.9459
2023-03-22,LREN3.SA,3.4314,-3.4314
2023-03-22,RADL3.SA,0.6324,-0.6324
2023-03-22,CEAB3.SA,4.7619,-4.7619
2023-03-22,SMFT3.SA,13.6335,-13.6335
2023-03-22,IGTI11.SA,4.282,-4.282
2023-03-22,AMER3.SA,8.1081,-8.1081
2023-03-22,PETR4.SA,2.5641,-2.5641
2023-03-22,VALE3.SA,3.7843,-3.7843
2023-03-22,SBSP3.SA,2.4879,-2.4879
2023-03-22,MRVE3.SA,2.5105,-2.5105
2023-03-22,CYRE3.SA,6.6854,-6.6854
2023-03-22,EZTC3.SA,2.3275,-2.3275
2023-03-22,VIVT3.SA,0.2341,0.2341
2023-03-22,TIMS3.SA,1.1962,1.1962
2023-03-22,CVCB3.SA,7.4534,-7.4534
2023-03-22,BBSE3.SA,1.0523,1.0523
2023-03-22,B3SA3.SA,6.7144,-6.7144
2025-03-19,ITUB4.SA,0.6811,-0.6811
2025-03-19,BBDC4.SA,0.4065,0.4065
2025-03-19,BBAS3.SA,0.8772,-0.8772
2025-03-19,BPAC11.SA,0.0,0.0
2025-03-19,SANB11.SA,0.5993,-0.5993
2025-03-19,MGLU3.SA,3.3898,3.3898
2025-03-19,LREN3.SA,2.8363,-2.8363
2025-03-19,RADL3.SA,0.1018,-0.1018
2025-03-19,CEAB3.SA,4.4403,-4.4403
2025-03-19,SMFT3.SA,3.2614,3.2614
2025-03-19,IGTI11.SA,0.3704,0.3704
2025-03-19,AMER3.SA,9.19,9.19
2025-03-19,PETR4.SA,0.1382,0.1382
2025-03-19,VALE3.SA,0.4868,-0.4868
2025-03-19,SBSP3.SA,1.6555,1.6555
2025-03-19,MRVE3.SA,1.9417,1.9417
2025-03-19,CYRE3.SA,1.836,1.836
2025-03-19,EZTC3.SA,1.7083,1.7083
2025-03-19,VIVT3.SA,4.2876,-4.2876
2025-03-19,TIMS3.SA,1.1008,-1.1008
2025-03-19,CVCB3.SA,4.1026,4.1026
2025-03-19,BBSE3.SA,0.3219,0.3219
2025-03-19,B3SA3.SA,2.99,2.99
2024-06-19,ITUB4.SA,0.0941,0.0941
2024-06-19,BBDC4.SA,0.2423,0.2423
2024-06-19,BBAS3.SA,1.1887,1.1887
2024-06-19,BPAC11.SA,0.3444,-0.3444
2024-06-19,SANB11.SA,0.0,0.0
2024-06-19,MGLU3.SA,2.5571,-2.5571
2024-06-19,LREN3.SA,1.2136,1.2136
2024-06-19,RADL3.SA,1.1837,1.1837
2024-06-19,CEAB3.SA,2.8243,-2.8243
2024-06-19,SMFT3.SA,0.3241,-0.3241
2024-06-19,IGTI11.SA,0.7231,0.7231
2024-06-19,AMER3.SA,4.7619,-4.7619
2024-06-19,PETR4.SA,1.6713,1.6713
2024-06-19,VALE3.SA,1.2199,1.2199
2024-06-19,SBSP3.SA,0.0693,-0.0693
2024-06-19,MRVE3.SA,2.9542,-2.9542
2024-06-19,CYRE3.SA,1.117,-1.117
2024-06-19,EZTC3.SA,0.1555,0.1555
2024-06-19,VIVT3.SA,0.7444,0.7444
2024-06-19,TIMS3.SA,0.0637,0.0637
2024-06-19,CVCB3.SA,0.0,0.0
2024-06-19,BBSE3.SA,0.8012,0.8012
2024-06-19,B3SA3.SA,1.9376,-1.9376
2022-08-03,ITUB4.SA,3.1619,3.1619
2022-08-03,BBDC4.SA,3.4522,3.4522
2022-08-03,BBAS3.SA,2.5996,2.5996
2022-08-03,BPAC11.SA,9.2568,9.2568
2022-08-03,SANB11.SA,2.9803,2.9803
2022-08-03,MGLU3.SA,23.2472,23.2472
2022-08-03,LREN3.SA,10.481,10.481
2022-08-03,RADL3.SA,2.7713,2.7713
2022-08-03,CEAB3.SA,11.032,11.032
2022-08-03,SMFT3.SA,20.1786,20.1786
2022-08-03,IGTI11.SA,8.0742,8.0742
2022-08-03,AMER3.SA,9.593,9.593
2022-08-03,PETR4.SA,1.1232,1.1232
2022-08-03,VALE3.SA,4.4413,-4.4413
2022-08-03,SBSP3.SA,4.0889,4.0889
2022-08-03,MRVE3.SA,21.8852,21.8852
2022-08-03,CYRE3.SA,19.059,19.059
2022-08-03,EZTC3.SA,12.6458,12.6458
2022-08-03,VIVT3.SA,2.144,2.144
2022-08-03,TIMS3.SA,1.7087,1.7087
2022-08-03,CVCB3.SA,17.0588,17.0588
2022-08-03,BBSE3.SA,3.5555,-3.5555
2022-08-03,B3SA3.SA,10.1852,10.1852
2023-05-03,ITUB4.SA,0.6425,0.6425
2023-05-03,BBDC4.SA,3.2204,3.2204
2023-05-03,BBAS3.SA,0.8127,0.8127
2023-05-03,BPAC11.SA,2.7458,2.7458
2023-05-03,SANB11.SA,1.8861,1.8861
2023-05-03,MGLU3.SA,10.1852,10.1852
2023-05-03,LREN3.SA,3.6193,3.6193
2023-05-03,RADL3.SA,0.7895,-0.7895
2023-05-03,CEAB3.SA,5.1195,5.1195
2023-05-03,SMFT3.SA,1.9962,1.9962
2023-05-03,IGTI11.SA,1.8765,1.8765
2023-05-03,AMER3.SA,1.9417,1.9417
2023-05-03,PETR4.SA,1.2313,1.2313
2023-05-03,VALE3.SA,3.8539,-3.8539
2023-05-03,SBSP3.SA,3.7095,3.7095
2023-05-03,MRVE3.SA,5.5714,5.5714
2023-05-03,CYRE3.SA,5.7236,5.7236
2023-05-03,EZTC3.SA,5.7733,5.7733
2023-05-03,VIVT3.SA,0.4622,-0.4622
2023-05-03,TIMS3.SA,0.6379,-0.6379
2023-05-03,CVCB3.SA,7.2243,7.2243
2023-05-03,BBSE3.SA,3.2145,-3.2145
2023-05-03,B3SA3.SA,4.4131,4.4131
2024-12-11,ITUB4.SA,1.5459,-1.5459
2024-12-11,BBDC4.SA,1.7628,-1.7628
2024-12-11,BBAS3.SA,0.7819,0.7819
2024-12-11,BPAC11.SA,0.2918,-0.2918
2024-12-11,SANB11.SA,3.332,-3.332
2024-12-11,MGLU3.SA,3.8991,-3.8991
2024-12-11,LREN3.SA,2.8534,-2.8534
2024-12-11,RADL3.SA,0.6941,0.6941
2024-12-11,CEAB3.SA,4.7398,-4.7398
2024-12-11,SMFT3.SA,0.5319,-0.5319
2024-12-11,IGTI11.SA,1.4166,-1.4166
2024-12-11,AMER3.SA,13.5647,-13.5647
2024-12-11,PETR4.SA,0.8112,-0.8112
2024-12-11,VALE3.SA,4.2728,-4.2728
2024-12-11,SBSP3.SA,2.319,-2.319
2024-12-11,MRVE3.SA,1.5564,1.5564
2024-12-11,CYRE3.SA,2.0397,-2.0397
2024-12-11,EZTC3.SA,4.8282,-4.8282
2024-12-11,VIVT3.SA,3.2659,-3.2659
2024-12-11,TIMS3.SA,3.0993,-3.0993
2024-12-11,CVCB3.SA,5.9361,-5.9361
2024-12-11,BBSE3.SA,1.3585,1.3585
2024-12-11,B3SA3.SA,1.1811,1.1811
2024-05-08,ITUB4.SA,2.3889,-2.3889
2024-05-08,BBDC4.SA,2.3239,-2.3239
2024-05-08,BBAS3.SA,4.065,-4.065
2024-05-08,BPAC11.SA,5.9739,-5.9739
2024-05-08,SANB11.SA,2.8136,-2.8136
2024-05-08,MGLU3.SA,3.7267,3.7267
2024-05-08,LREN3.SA,1.0672,-1.0672
2024-05-08,RADL3.SA,0.0382,0.0382
2024-05-08,CEAB3.SA,0.4918,0.4918
2024-05-08,SMFT3.SA,4.0767,-4.0767
2024-05-08,IGTI11.SA,3.537,-3.537
2024-05-08,AMER3.SA,1.8519,-1.8519
2024-05-08,PETR4.SA,2.5092,2.5092
2024-05-08,VALE3.SA,0.1084,-0.1084
2024-05-08,SBSP3.SA,1.123,-1.123
2024-05-08,MRVE3.SA,2.8011,2.8011
2024-05-08,CYRE3.SA,1.8868,-1.8868
2024-05-08,EZTC3.SA,5.9812,-5.9812
2024-05-08,VIVT3.SA,8.464,-8.464
2024-05-08,TIMS3.SA,2.9885,-2.9885
2024-05-08,CVCB3.SA,2.1552,-2.1552
2024-05-08,BBSE3.SA,0.5488,-0.5488
2024-05-08,B3SA3.SA,3.1951,-3.1951
2022-02-02,ITUB4.SA,0.4315,-0.4315
2022-02-02,BBDC4.SA,0.3544,-0.3544
2022-02-02,BBAS3.SA,0.9813,-0.9813
2022-02-02,BPAC11.SA,4.8247,-4.8247
2022-02-02,SANB11.SA,2.3171,-2.3171
2022-02-02,MGLU3.SA,6.8474,-6.8474
2022-02-02,LREN3.SA,1.149,-1.149
2022-02-02,RADL3.SA,0.7012,-0.7012
2022-02-02,CEAB3.SA,3.47,-3.47
2022-02-02,SMFT3.SA,3.4884,-3.4884
2022-02-02,IGTI11.SA,2.4857,-2.4857
2022-02-02,AMER3.SA,2.927,2.927
2022-02-02,PETR4.SA,2.8182,-2.8182
2022-02-02,VALE3.SA,0.5158,0.5158
2022-02-02,SBSP3.SA,0.8914,-0.8914
2022-02-02,MRVE3.SA,1.7437,-1.7437
2022-02-02,CYRE3.SA,2.3796,-2.3796
2022-02-02,EZTC3.SA,2.758,-2.758
2022-02-02,VIVT3.SA,1.0683,1.0683
2022-02-02,TIMS3.SA,1.8954,1.8954
2022-02-02,CVCB3.SA,3.9916,-3.9916
2022-02-02,BBSE3.SA,0.6929,-0.6929
2022-02-02,B3SA3.SA,0.8415,-0.8415
2023-11-01,ITUB4.SA,4.2073,4.2073
2023-11-01,BBDC4.SA,5.7175,5.7175
2023-11-01,BBAS3.SA,3.6195,3.6195
2023-11-01,BPAC11.SA,8.0068,8.0068
2023-11-01,SANB11.SA,3.1204,3.1204
2023-11-01,MGLU3.SA,12.0301,12.0301
2023-11-01,LREN3.SA,7.9935,7.9935
2023-11-01,RADL3.SA,1.6667,-1.6667
2023-11-01,CEAB3.SA,11.6279,11.6279
2023-11-01,SMFT3.SA,8.1053,8.1053
2023-11-01,IGTI11.SA,2.292,2.292
2023-11-01,AMER3.SA,0.0,0.0
2023-11-01,PETR4.SA,2.3028,2.3028
2023-11-01,VALE3.SA,3.1884,3.1884
2023-11-01,SBSP3.SA,4.3173,4.3173
2023-11-01,MRVE3.SA,12.1212,12.1212
2023-11-01,CYRE3.SA,9.3385,9.3385
2023-11-01,EZTC3.SA,8.5595,8.5595
2023-11-01,VIVT3.SA,5.3272,5.3272
2023-11-01,TIMS3.SA,4.5485,4.5485
2023-11-01,CVCB3.SA,18.1818,18.1818
2023-11-01,BBSE3.SA,2.2432,2.2432
2023-11-01,B3SA3.SA,10.0,10.0
2025-09-17,ITUB4.SA,1.5567,1.5567
2025-09-17,BBDC4.SA,2.4132,2.4132
2025-09-17,BBAS3.SA,0.7293,0.7293
2025-09-17,BPAC11.SA,1.5421,1.5421
2025-09-17,SANB11.SA,1.4202,1.4202
2025-09-17,MGLU3.SA,4.5624,4.5624
2025-09-17,LREN3.SA,0.8876,0.8876
2025-09-17,RADL3.SA,3.7164,3.7164
2025-09-17,CEAB3.SA,4.3455,-4.3455
2025-09-17,SMFT3.SA,0.5027,0.5027
2025-09-17,IGTI11.SA,1.0395,1.0395
2025-09-17,AMER3.SA,8.7601,8.7601
2025-09-17,PETR4.SA,0.3806,-0.3806
2025-09-17,VALE3.SA,0.0173,-0.0173
2025-09-17,SBSP3.SA,2.2688,2.2688
2025-09-17,MRVE3.SA,1.7105,1.7105
2025-09-17,CYRE3.SA,0.0,0.0
2025-09-17,EZTC3.SA,3.0412,3.0412
2025-09-17,VIVT3.SA,1.0186,1.0186
2025-09-17,TIMS3.SA,0.9666,0.9666
2025-09-17,CVCB3.SA,1.4563,-1.4563
2025-09-17,BBSE3.SA,1.4233,1.4233
2025-09-17,B3SA3.SA,1.8546,1.8546
2024-09-18,ITUB4.SA,0.8399,-0.8399
2024-09-18,BBDC4.SA,1.957,-1.957
2024-09-18,BBAS3.SA,1.6907,-1.6907
2024-09-18,BPAC11.SA,1.5598,-1.5598
2024-09-18,SANB11.SA,1.5656,-1.5656
2024-09-18,MGLU3.SA,6.0606,-6.0606
2024-09-18,LREN3.SA,1.1012,-1.1012
2024-09-18,RADL3.SA,1.4058,1.4058
2024-09-18,CEAB3.SA,0.5613,0.5613
2024-09-18,SMFT3.SA,0.1746,0.1746
2024-09-18,IGTI11.SA,1.4369,-1.4369
2024-09-18,AMER3.SA,5.3191,-5.3191
2024-09-18,PETR4.SA,2.0788,-2.0788
2024-09-18,VALE3.SA,0.0172,0.0172
2024-09-18,SBSP3.SA,1.2683,-1.2683
2024-09-18,MRVE3.SA,5.3021,-5.3021
2024-09-18,CYRE3.SA,2.675,-2.675
2024-09-18,EZTC3.SA,2.8245,-2.8245
2024-09-18,VIVT3.SA,0.8265,-0.8265
2024-09-18,TIMS3.SA,0.8047,-0.8047
2024-09-18,CVCB3.SA,3.8277,-3.8277
2024-09-18,BBSE3.SA,1.6685,-1.6685
2024-09-18,B3SA3.SA,2.1207,-2.1207
2020-12-09,ITUB4.SA,3.9196,3.9196
2020-12-09,BBDC4.SA,4.4038,4.4038
2020-12-09,BBAS3.SA,3.7576,3.7576
2020-12-09,BPAC11.SA,2.0596,-2.0596
2020-12-09,SANB11.SA,1.6632,1.6632
2020-12-09,MGLU3.SA,6.2124,-6.2124
2020-12-09,LREN3.SA,1.8373,-1.8373
2020-12-09,RADL3.SA,1.4021,1.4021
2020-12-09,CEAB3.SA,0.8296,0.8296
2020-12-09,AMER3.SA,2.6866,-2.6866
2020-12-09,PETR4.SA,4.3511,4.3511
2020-12-09,VALE3.SA,2.5332,2.5332
2020-12-09,SBSP3.SA,2.1036,2.1036
2020-12-09,MRVE3.SA,2.1148,-2.1148
2020-12-09,CYRE3.SA,0.6991,0.6991
2020-12-09,EZTC3.SA,1.7626,1.7626
2020-12-09,VIVT3.SA,2.7533,2.7533
2020-12-09,TIMS3.SA,0.3504,-0.3504
2020-12-09,CVCB3.SA,0.0,0.0
2020-12-09,BBSE3.SA,2.8621,2.8621
2020-12-09,B3SA3.SA,0.1548,0.1548
2020-09-16,ITUB4.SA,0.1686,-0.1686
2020-09-16,BBDC4.SA,0.4395,0.4395
2020-09-16,BBAS3.SA,0.5002,0.5002
2020-09-16,BPAC11.SA,0.2128,-0.2128
2020-09-16,SANB11.SA,1.7581,-1.7581
2020-09-16,MGLU3.SA,2.7685,-2.7685
2020-09-16,LREN3.SA,0.4293,0.4293
2020-09-16,RADL3.SA,0.0175,0.0175
2020-09-16,CEAB3.SA,2.4806,2.4806
2020-09-16,AMER3.SA,2.5926,-2.5926
2020-09-16,PETR4.SA,2.215,2.215
2020-09-16,VALE3.SA,0.8307,-0.8307
2020-09-16,SBSP3.SA,1.4744,1.4744
2020-09-16,MRVE3.SA,3.4052,-3.4052
2020-09-16,CYRE3.SA,3.3933,-3.3933
2020-09-16,EZTC3.SA,4.1413,-4.1413
2020-09-16,VIVT3.SA,1.0417,-1.0417
2020-09-16,TIMS3.SA,1.0417,-1.0417
2020-09-16,CVCB3.SA,1.8307,1.8307
2020-09-16,BBSE3.SA,0.0,0.0
2020-09-16,B3SA3.SA,1.0475,-1.0475
2023-06-21,ITUB4.SA,0.0,0.0
2023-06-21,BBDC4.SA,2.834,-2.834
2023-06-21,BBAS3.SA,1.1905,1.1905
2023-06-21,BPAC11.SA,1.5656,-1.5656
2023-06-21,SANB11.SA,0.7434,-0.7434
2023-06-21,MGLU3.SA,2.9891,-2.9891
2023-06-21,LREN3.SA,0.8341,-0.8341
2023-06-21,RADL3.SA,0.3484,-0.3484
2023-06-21,CEAB3.SA,1.1407,-1.1407
2023-06-21,SMFT3.SA,2.2825,-2.2825
2023-06-21,IGTI11.SA,0.3556,0.3556
2023-06-21,AMER3.SA,3.3058,-3.3058
2023-06-21,PETR4.SA,2.8786,2.8786
2023-06-21,VALE3.SA,1.5382,-1.5382
2023-06-21,SBSP3.SA,1.5152,-1.5152
2023-06-21,MRVE3.SA,3.9116,-3.9116
2023-06-21,CYRE3.SA,0.6221,-0.6221
2023-06-21,EZTC3.SA,4.4079,-4.4079
2023-06-21,VIVT3.SA,1.5303,-1.5303
2023-06-21,TIMS3.SA,1.7345,-1.7345
2023-06-21,CVCB3.SA,8.5919,-8.5919
2023-06-21,BBSE3.SA,0.5293,0.5293
2023-06-21,B3SA3.SA,3.5981,-3.5981
2024-01-31,ITUB4.SA,0.856,0.856
2024-01-31,BBDC4.SA,0.3274,0.3274
2024-01-31,BBAS3.SA,2.6854,2.6854
2024-01-31,BPAC11.SA,2.1727,2.1727
2024-01-31,SANB11.SA,0.2397,-0.2397
2024-01-31,MGLU3.SA,11.2347,11.2347
2024-01-31,LREN3.SA,3.7227,3.7227
2024-01-31,RADL3.SA,4.3048,-4.3048
2024-01-31,CEAB3.SA,4.2493,4.2493
2024-01-31,SMFT3.SA,0.9411,0.9411
2024-01-31,IGTI11.SA,1.308,1.308
2024-01-31,AMER3.SA,1.25,1.25
2024-01-31,PETR4.SA,3.1002,3.1002
2024-01-31,VALE3.SA,1.9337,-1.9337
2024-01-31,SBSP3.SA,0.8699,0.8699
2024-01-31,MRVE3.SA,2.4869,2.4869
2024-01-31,CYRE3.SA,2.0758,2.0758
2024-01-31,EZTC3.SA,0.4549,-0.4549
2024-01-31,VIVT3.SA,3.0267,3.0267
2024-01-31,TIMS3.SA,2.972,2.972
2024-01-31,CVCB3.SA,6.6202,6.6202
2024-01-31,BBSE3.SA,1.4189,1.4189
2024-01-31,B3SA3.SA,2.2308,2.2308
2025-11-05,ITUB4.SA,0.4254,0.4254
2025-11-05,BBDC4.SA,1.6848,1.6848
2025-11-05,BBAS3.SA,2.6493,2.6493
2025-11-05,BPAC11.SA,2.4062,2.4062
2025-11-05,SANB11.SA,1.8337,1.8337
2025-11-05,MGLU3.SA,4.6539,-4.6539
2025-11-05,LREN3.SA,2.7388,-2.7388
2025-11-05,RADL3.SA,7.5975,7.5975
2025-11-05,CEAB3.SA,2.5657,2.5657
2025-11-05,SMFT3.SA,3.0714,-3.0714
2025-11-05,IGTI11.SA,1.6526,1.6526
2025-11-05,AMER3.SA,0.0,0.0
2025-11-05,PETR4.SA,2.5124,2.5124
2025-11-05,VALE3.SA,1.3618,1.3618
2025-11-05,SBSP3.SA,2.1031,2.1031
2025-11-05,MRVE3.SA,0.1312,0.1312
2025-11-05,CYRE3.SA,3.6834,3.6834
2025-11-05,EZTC3.SA,1.2273,-1.2273
2025-11-05,VIVT3.SA,1.6657,1.6657
2025-11-05,TIMS3.SA,0.2445,-0.2445
2025-11-05,CVCB3.SA,3.6649,-3.6649
2025-11-05,BBSE3.SA,1.7539,1.7539
2025-11-05,B3SA3.SA,2.0249,2.0249
2021-03-17,ITUB4.SA,4.4915,4.4915
2021-03-17,BBDC4.SA,6.0922,6.0922
2021-03-17,BBAS3.SA,1.9083,1.9083
2021-03-17,BPAC11.SA,0.1314,0.1314
2021-03-17,SANB11.SA,5.9221,5.9221
2021-03-17,MGLU3.SA,7.7433,-7.7433
2021-03-17,LREN3.SA,1.0074,1.0074
2021-03-17,RADL3.SA,0.8901,-0.8901
2021-03-17,CEAB3.SA,0.0938,-0.0938
2021-03-17,AMER3.SA,3.9366,-3.9366
2021-03-17,PETR4.SA,0.1718,-0.1718
2021-03-17,VALE3.SA,0.3627,-0.3627
2021-03-17,SBSP3.SA,7.4885,7.4885
2021-03-17,MRVE3.SA,1.236,1.236
2021-03-17,CYRE3.SA,1.6736,1.6736
2021-03-17,EZTC3.SA,1.4822,1.4822
2021-03-17,VIVT3.SA,2.1562,2.1562
2021-03-17,TIMS3.SA,0.0758,-0.0758
2021-03-17,CVCB3.SA,0.8,-0.8
2021-03-17,BBSE3.SA,1.5886,1.5886
2021-03-17,B3SA3.SA,2.4404,2.4404
2022-12-07,ITUB4.SA,4.2065,-4.2065
2022-12-07,BBDC4.SA,3.9604,-3.9604
2022-12-07,BBAS3.SA,1.4904,-1.4904
2022-12-07,BPAC11.SA,5.6355,-5.6355
2022-12-07,SANB11.SA,1.7347,-1.7347
2022-12-07,MGLU3.SA,8.9744,-8.9744
2022-12-07,LREN3.SA,2.2212,-2.2212
2022-12-07,RADL3.SA,2.1862,-2.1862
2022-12-07,CEAB3.SA,3.3473,-3.3473
2022-12-07,SMFT3.SA,8.1879,-8.1879
2022-12-07,IGTI11.SA,3.2769,-3.2769
2022-12-07,AMER3.SA,5.1819,-5.1819
2022-12-07,PETR4.SA,3.3541,-3.3541
2022-12-07,VALE3.SA,2.3758,-2.3758
2022-12-07,SBSP3.SA,0.4419,-0.4419
2022-12-07,MRVE3.SA,0.2454,-0.2454
2022-12-07,CYRE3.SA,3.7846,-3.7846
2022-12-07,EZTC3.SA,1.9741,-1.9741
2022-12-07,VIVT3.SA,3.4833,-3.4833
2022-12-07,TIMS3.SA,3.3334,-3.3334
2022-12-07,CVCB3.SA,7.1274,-7.1274
2022-12-07,BBSE3.SA,1.7177,-1.7177
2022-12-07,B3SA3.SA,3.6125,-3.6125
2020-10-28,ITUB4.SA,3.9775,-3.9775
2020-10-28,BBDC4.SA,6.6038,-6.6038
2020-10-28,BBAS3.SA,5.5522,-5.5522
2020-10-28,BPAC11.SA,2.8491,-2.8491
2020-10-28,SANB11.SA,0.2705,-0.2705
2020-10-28,MGLU3.SA,0.3536,-0.3536
2020-10-28,LREN3.SA,3.1059,-3.1059
2020-10-28,RADL3.SA,6.48,-6.48
2020-10-28,CEAB3.SA,3.2333,-3.2333
2020-10-28,AMER3.SA,3.5026,-3.5026
2020-10-28,PETR4.SA,2.9678,-2.9678
2020-10-28,VALE3.SA,0.8156,-0.8156
2020-10-28,SBSP3.SA,3.2834,-3.2834
2020-10-28,MRVE3.SA,1.4045,-1.4045
2020-10-28,CYRE3.SA,3.7667,-3.7667
2020-10-28,EZTC3.SA,7.263,-7.263
2020-10-28,VIVT3.SA,2.8289,-2.8289
2020-10-28,TIMS3.SA,3.1671,-3.1671
2020-10-28,CVCB3.SA,10.5152,-10.5152
2020-10-28,BBSE3.SA,3.9557,-3.9557
2020-10-28,B3SA3.SA,0.4361,0.4361
2022-06-15,ITUB4.SA,0.8457,-0.8457
2022-06-15,BBDC4.SA,0.8584,-0.8584
2022-06-15,BBAS3.SA,1.8198,1.8198
2022-06-15,BPAC11.SA,0.9179,-0.9179
2022-06-15,SANB11.SA,0.5305,-0.5305
2022-06-15,MGLU3.SA,6.2992,-6.2992
2022-06-15,LREN3.SA,3.5325,3.5325
2022-06-15,RADL3.SA,1.6469,-1.6469
2022-06-15,CEAB3.SA,3.6735,3.6735
2022-06-15,SMFT3.SA,2.3891,2.3891
2022-06-15,IGTI11.SA,3.1109,3.1109
2022-06-15,AMER3.SA,1.7293,1.7293
2022-06-15,PETR4.SA,7.7365,-7.7365
2022-06-15,VALE3.SA,5.2741,-5.2741
2022-06-15,SBSP3.SA,2.2808,-2.2808
2022-06-15,MRVE3.SA,2.1303,2.1303
2022-06-15,CYRE3.SA,1.4901,1.4901
2022-06-15,EZTC3.SA,3.9491,3.9491
2022-06-15,VIVT3.SA,1.9202,-1.9202
2022-06-15,TIMS3.SA,0.0802,-0.0802
2022-06-15,CVCB3.SA,25.8486,25.8486
2022-06-15,BBSE3.SA,1.4274,1.4274
2022-06-15,B3SA3.SA,0.3481,-0.3481
2024-03-20,ITUB4.SA,0.835,-0.835
2024-03-20,BBDC4.SA,0.1416,0.1416
2024-03-20,BBAS3.SA,0.3403,-0.3403
2024-03-20,BPAC11.SA,2.3901,2.3901
2024-03-20,SANB11.SA,0.0,0.0
2024-03-20,MGLU3.SA,1.0152,1.0152
2024-03-20,LREN3.SA,2.7186,2.7186
2024-03-20,RADL3.SA,0.5403,0.5403
2024-03-20,CEAB3.SA,6.5934,6.5934
2024-03-20,SMFT3.SA,6.4618,6.4618
2024-03-20,IGTI11.SA,3.011,3.011
2024-03-20,AMER3.SA,7.6923,7.6923
2024-03-20,PETR4.SA,1.0258,-1.0258
2024-03-20,VALE3.SA,0.4235,0.4235
2024-03-20,SBSP3.SA,1.7576,1.7576
2024-03-20,MRVE3.SA,2.3438,2.3438
2024-03-20,CYRE3.SA,2.7546,2.7546
2024-03-20,EZTC3.SA,2.0408,2.0408
2024-03-20,VIVT3.SA,0.1953,0.1953
2024-03-20,TIMS3.SA,0.3278,-0.3278
2024-03-20,CVCB3.SA,0.0,0.0
2024-03-20,BBSE3.SA,2.3715,-2.3715
2024-03-20,B3SA3.SA,0.7311,0.7311
2021-08-04,ITUB4.SA,2.5024,-2.5024
2021-08-04,BBDC4.SA,5.3835,-5.3835
2021-08-04,BBAS3.SA,3.2309,-3.2309
2021-08-04,BPAC11.SA,0.9333,-0.9333
2021-08-04,SANB11.SA,1.4284,-1.4284
2021-08-04,MGLU3.SA,0.1468,0.1468
2021-08-04,LREN3.SA,1.7167,-1.7167
2021-08-04,RADL3.SA,0.4269,0.4269
2021-08-04,CEAB3.SA,1.8723,-1.8723
2021-08-04,SMFT3.SA,0.8559,-0.8559
2021-08-04,AMER3.SA,2.7551,-2.7551
2021-08-04,PETR4.SA,5.5866,5.5866
2021-08-04,VALE3.SA,3.1605,-3.1605
2021-08-04,SBSP3.SA,3.3454,-3.3454
2021-08-04,MRVE3.SA,3.3381,-3.3381
2021-08-04,CYRE3.SA,4.3838,-4.3838
2021-08-04,EZTC3.SA,3.8406,-3.8406
2021-08-04,VIVT3.SA,1.4545,-1.4545
2021-08-04,TIMS3.SA,1.6623,-1.6623
2021-08-04,CVCB3.SA,5.1876,-5.1876
2021-08-04,BBSE3.SA,2.1659,-2.1659
2021-08-04,B3SA3.SA,1.8738,-1.8738
2024-07-31,ITUB4.SA,2.8306,-2.8306
2024-07-31,BBDC4.SA,1.5323,1.5323
2024-07-31,BBAS3.SA,2.1521,-2.1521
2024-07-31,BPAC11.SA,2.2465,2.2465
2024-07-31,SANB11.SA,1.3556,1.3556
2024-07-31,MGLU3.SA,2.5271,-2.5271
2024-07-31,LREN3.SA,1.9954,1.9954
2024-07-31,RADL3.SA,0.4356,0.4356
2024-07-31,CEAB3.SA,1.444,1.444
2024-07-31,SMFT3.SA,0.5772,-0.5772
2024-07-31,IGTI11.SA,1.244,1.244
2024-07-31,AMER3.SA,0.0,0.0
2024-07-31,PETR4.SA,0.5184,0.5184
2024-07-31,VALE3.SA,0.0498,0.0498
2024-07-31,SBSP3.SA,2.6102,2.6102
2024-07-31,MRVE3.SA,1.0753,1.0753
2024-07-31,CYRE3.SA,2.0823,2.0823
2024-07-31,EZTC3.SA,0.2294,-0.2294
2024-07-31,VIVT3.SA,6.9994,6.9994
2024-07-31,TIMS3.SA,7.6359,7.6359
2024-07-31,CVCB3.SA,0.5587,-0.5587
2024-07-31,BBSE3.SA,0.2288,0.2288
2024-07-31,B3SA3.SA,1.0223,1.0223
2022-09-21,ITUB4.SA,0.9441,0.9441
2022-09-21,BBDC4.SA,1.6865,1.6865
2022-09-21,BBAS3.SA,1.1032,1.1032
2022-09-21,BPAC11.SA,5.2805,-5.2805
2022-09-21,SANB11.SA,0.6074,0.6074
2022-09-21,MGLU3.SA,3.139,3.139
2022-09-21,LREN3.SA,6.0776,6.0776
2022-09-21,RADL3.SA,0.1302,0.1302
2022-09-21,CEAB3.SA,8.3851,8.3851
2022-09-21,SMFT3.SA,3.2429,3.2429
2022-09-21,IGTI11.SA,2.1161,2.1161
2022-09-21,AMER3.SA,0.8626,-0.8626
2022-09-21,PETR4.SA,2.734,2.734
2022-09-21,VALE3.SA,0.8207,0.8207
2022-09-21,SBSP3.SA,0.7517,-0.7517
2022-09-21,MRVE3.SA,4.9848,4.9848
2022-09-21,CYRE3.SA,4.321,4.321
2022-09-21,EZTC3.SA,6.6667,6.6667
2022-09-21,VIVT3.SA,2.9233,2.9233
2022-09-21,TIMS3.SA,2.7766,2.7766
2022-09-21,CVCB3.SA,1.8284,-1.8284
2022-09-21,BBSE3.SA,1.9193,-1.9193
2022-09-21,B3SA3.SA,1.4663,-1.4663
